{"cameraMode":{"drawMode":0,"name":"Shaded","section":"Shading Mode"},"sceneLighting":true,"audioPlay":false,"sceneViewState":{"showFog":true,"showMaterialUpdate":false,"showSkybox":true,"showFlares":true,"showImageEffects":true,"showParticleSystems":true},"in2DMode":false,"pivot":{"x":2.6696105003356935,"y":0.6225241422653198,"z":-1.1837103366851807},"rotation":{"x":0.4668373167514801,"y":-0.5303971171379089,"z":0.4618236720561981,"w":0.5361536741256714},"size":13.293916702270508,"orthographic":false}